{
  "ar": {
    "White-out": "مسح الكل",
    "board_name_placeholder": "اسم اللوحة",
    "circle": "دائرة",
    "click_to_toggle": "اضغط للاختيار",
    "click_to_zoom": "اضغط للتقريب\n للابتعاد اضغط زر شفت واضغط زر الماوس الايسر",
    "collaborative_whiteboard": "اللوحة التساهمية",
    "color": "لون",
    "configuration": "اعدادات",
    "create_private_board": "عمل لوحة خاصة جديدة",
    "ellipse": "بيضاوي",
    "eraser": "ممحاة",
    "grid": "شبكة",
    "hand": "يد",
    "download": "تحميل",
    "index_title": "اهلا بكم في برنامج اللوح المجاني وي بو او",
    "introduction_paragraph": "دبليو بي او هو برنامج ويب مفتوح المصدر يسمح بمشاركة اللوحات البيصاء لكل المستخدمين ويمكن استخدامه للرسم او التعليم مثلا, يتم التحديث بنفس الوقت ويتم حفظ التقدم تلفائيا دبليو بي او <a href='https://github.com/lovasoa/whitebophir'>مفتوح المصدر </a>",
    "keyboard_shortcut": "اختصارات لوحة المفاتيح",
    "loading": "يتم التحميل",
    "menu": "قائمة",
    "mousewheel": "زر الماوس للتحريك",
    "mover": "تحريك",
    "named_private_board_description": "تستطيع ايضا عمل لوحة خاصة جديدة وتسميتها ويمكن لاي شخص المشاركة بها في حال معرفته لاسمها",
    "opacity": "شفافية",
    "open_public_board": "اذهب الى اللوحة العامة",
    "pencil": "قلم",
    "private_board_description": "يمكنك عمل لوحة خاصة جديدة باسم عشوائي ولا يمكن الدخول لها الا عن طريق الرابط, الحل الامثل اذا كنت تريد مشاركة معلومات سرية",
    "public_board_description": "اللوحات العامة هي الحل الامثل للتواجد مع اشخاص مجهولين والرسم معا وهي تعتبر اللوحة ذات الخثوثة الاقل",
    "recent_boards": "اجدد اللوح",
    "rectangle": "مستطيل",
    "share_instructions": "لمشاركة اللوحة مع اي شخص والعمل معا, فقط قم بارسال رابط اللوحة للمستخدم",
    "size": "مقاس",
    "square": "مربع",
    "straight_line": "خط مستقيم",
    "tagline": "برنامج اللوحة المجانية مفتوح المصدر والذي يجعل الرسم بالمشاركة امر سهل",
    "text": "نص",
    "tools": "ادوات",
    "view_source": "الملفات المصدرية على موقع جيتهب",
    "zoom": "تقريب"
  },
  "ca": {
    "White-out": "Corrector blanc",
    "board_name_placeholder": "Nom de la pissarra...",
    "circle": "Cercle",
    "click_to_toggle": "clic per canviar",
    "click_to_zoom": "Clic per acostar\nPremeu majúscules i clic per allunyar",
    "collaborative_whiteboard": "Pissarra col·laborativa",
    "color": "Color",
    "configuration": "Configuració",
    "create_private_board": "Crea una pissarra privada",
    "ellipse": "El·lipse",
    "eraser": "Esborrador",
    "grid": "Graella",
    "hand": "Mà",
    "download": "Baixa",
    "index_title": "Benvinguts a la pissara en línia lliure WBO!",
    "introduction_paragraph": "WBO és una pissarra col·laborativa en línia <a href=\"https://github.com/lovasoa/whitebophir\" title=\"Lliure. Aquest programa es troba sota la llicència AGPL\">lliure i de codi obert</a> que permet que diversos usuaris dibuixin de manera simultània en una gran pissarra virtual. La pissarra s'actualitza en temps real per a tots els usuaris connectats, i el seu estat és sempre persistent. Es pot utilitzar per dibuixar, dissenyar, ensenyar, o per qualsevol altre propòsit.",
    "keyboard_shortcut": "dreçera de teclat",
    "loading": "S'està carregant...",
    "menu": "Menú",
    "mousewheel": "roda del ratolí",
    "mover": "Desplaçar",
    "named_private_board_description": "També podeu crear una <strong>pisarra privada amb nom</strong>, amb una URL personalitzada, accessible per a tothom que en conegui el nom.",
    "opacity": "Opacitat",
    "open_public_board": "Aneu a la pissarra pública",
    "pencil": "Llapis",
    "private_board_description": "Podeu crear una <b>pissarra privada</b> amb un nom aleatori que només sigui accessible amb el seu propi enllaç. Podeu usar-la per a compartir informació privada.",
    "public_board_description": "La <b>pissarra pública</b> és accessible a tothom. És un caos alegrement desorganitzat on podeu trobar-vos amb estranys anònims i dibuixar conjuntament. Tot hi és efímer.",
    "recent_boards": "Pissarres recents",
    "rectangle": "Rectangle",
    "share_instructions": "Per a col·laborar en un dibuix en temps real amb algú altre, envieu-li l'enllaç.",
    "size": "Mida",
    "square": "Quadrat",
    "straight_line": "Línia recta",
    "tagline": "Una eina col·laborativa en línia, lliure i de codi obert. Dibuixem noves idees junts amb WBO!",
    "text": "Text",
    "tools": "Eines",
    "view_source": "Codi font a GitHub",
    "zoom": "Zoom"
  },
  "de": {
    "board_name_placeholder": "Name des Whiteboards…",
    "circle": "Kreis",
    "click_to_toggle": "Klicken Sie zum Umschalten",
    "click_to_zoom": "Klicke zum reinzoomen\nHalte die Umschalttaste und klicke zum herauszoomen",
    "collaborative_whiteboard": "Kollaboratives Whiteboard",
    "color": "Farbe",
    "configuration": "Konfiguration",
    "create_private_board": "Erstelle ein privates Whiteboard",
    "ellipse": "Ellipse",
    "eraser": "Radierer",
    "grid": "Gitter",
    "hand": "Hand",
    "download": "Herunterladen",
    "index_title": "Willkommen bei WBO!",
    "introduction_paragraph": "WBO ist ein <a href=\"https://github.com/lovasoa/whitebophir\" title=\"Frei im Sinne von Redefreiheit, nicht Freibier. Diese Software wird unter der AGPL Lizenz veröffentlicht.\">freies und quelloffenes</a> kollaboratives Online-Whiteboard das vielen Nutzern erlaubt gleichzeitig auf einem großen virtuellen Whiteboard zu zeichnen. Das Whiteboard wird in Echtzeit für alle Nutzer aktualisiert und sein Inhalt wird gespeichert. Es kann für verschiedenste Anwendungen genutzt werden, z.B. Kunst, Unterhaltung, Design, Unterricht und Lehre.",
    "keyboard_shortcut": "Tastenkombination",
    "loading": "Lädt",
    "menu": "Menü",
    "mousewheel": "Mausrad",
    "mover": "Verschiebung",
    "named_private_board_description": "Du kannst auch ein <strong>privates Whiteboard mit Namen</strong> mit einer benutzerdefinierten URL erstellen. Alle die den Namen kennen, können darauf zugreifen.",
    "opacity": "Deckkraft",
    "open_public_board": "Gehe zum öffentlichen Whiteboard",
    "pencil": "Stift",
    "private_board_description": "Du kannst ein <b>privates Whiteboard</b> mit einem zufälligen Namen erstellen, welches man nur mit seinem Link öffnen kann. Benutze dies wenn du private Informationen teilen möchtest.",
    "public_board_description": " Das <b>öffentliche Whiteboard</b> kann von jedem geöffnet werden. Es ein fröhliches unorganisiertes Chaos wo du zusammen mit anonymen Fremden malen kannst. Alles dort ist vergänglich.",
    "recent_boards": "Neueste Whiteboards",
    "rectangle": "Rechteck",
    "share_instructions": "Um mit jemanden zusammen an einem Whiteboard zu arbeiten teile einfach die jeweilige URL.",
    "size": "Größe",
    "square": "Quadrat",
    "straight_line": "Gerade Linie",
    "tagline": "Ein freies quelloffenes kollaboratives Zeichentool. Zeichnet eure Ideen zusammen auf WBO!",
    "text": "Text",
    "tools": "Werkzeuge",
    "view_source": "Quellcode auf GitHub",
    "white-out": "Korrekturflüssigkeit",
    "zoom": "Zoom"
  },
  "en": {
    "White-out": "White-out",
    "board_name_placeholder": "Name of the board…",
    "circle": "Circle",
    "click_to_toggle": "click to toggle",
    "click_to_zoom": "Click to zoom in\nPress shift and click to zoom out",
    "collaborative_whiteboard": "Collaborative whiteboard",
    "color": "Color",
    "configuration": "Configuration",
    "create_private_board": "Create a private board",
    "ellipse": "Ellipse",
    "eraser": "Eraser",
    "grid": "Grid",
    "hand": "Hand",
    "download": "Download",
    "index_title": "Welcome to the free online whiteboard WBO!",
    "introduction_paragraph": "WBO is a <a href=\"https://github.com/lovasoa/whitebophir\" title=\"Free as in free speech, not free beer. This software is released under the AGPL license\">free and open-source</a> online collaborative whiteboard that allows many users to draw simultaneously on a large virtual board. The board is updated in real time for all connected users, and its state is always persisted. It can be used for many different purposes, including art, entertainment, design and teaching.",
    "keyboard_shortcut": "keyboard shortcut",
    "loading": "Loading",
    "menu": "Menu",
    "mousewheel": "mouse wheel",
    "mover": "Mover",
    "named_private_board_description": "You can also create a <strong>named private board</strong>, with a custom URL, that will be accessible to all those who know its name.",
    "opacity": "Opacity",
    "open_public_board": "Go to the public board",
    "pencil": "Pencil",
    "private_board_description": "You can create a <b>private board</b> with a random name, that will be accessible only by its link. Use this if you want to share private information.",
    "public_board_description": "The <b>public board</b> is accessible to everyone. It is a happily disorganized mess where you can meet with anonymous strangers and draw together. Everything there is ephemeral.",
    "recent_boards": "Recent Boards",
    "rectangle": "Rectangle",
    "share_instructions": "To collaborate on a drawing in real time with someone, just send them its URL.",
    "size": "Size",
    "square": "Square",
    "straight_line": "Straight line",
    "tagline": "A free and open-source online collaborative drawing tool. Sketch new ideas together on WBO!",
    "text": "Text",
    "tools": "Tools",
    "view_source": "Source code on GitHub",
    "zoom": "Zoom"
  },
  "es": {
    "board_name_placeholder": "Nombre de la pizarra …",
    "circle": "Círculo",
    "click_to_toggle": "haga clic para alternar",
    "click_to_zoom": "Haga clic para acercar, Pulse [Mayús] y haga clic para alejar",
    "collaborative_whiteboard": "Pizarra colaborativa",
    "color": "Color",
    "configuration": "Configuration",
    "create_private_board": "Crea una pizarra privada",
    "ellipse": "Elipse",
    "eraser": "Borrador",
    "grid": "Cuadrícula",
    "hand": "Mano",
    "index_title": "¡Bienvenido a WBO!",
    "introduction_paragraph": "WBO es una pizarra colaborativa en línea, <a href=\"https://github.com/lovasoa/whitebophir\" title=\"libre como la libertad de expresión, no libre como una cerveza gratis. Este software se lanza bajo la licencia AGPL\">libre y de Código abierto</a>, que permite a muchos usuarios dibujar simultáneamente en una gran pizarra virtual. La pizarra se actualiza en tiempo real para todos los usuarios conectados y su estado siempre es persistente. Se puede utilizar para muchos propósitos diferentes, incluyendo arte, entretenimiento, diseño y enseñanza.",
    "keyboard_shortcut": "atajo de teclado",
    "loading": "Cargando",
    "menu": "Menú",
    "mousewheel": "Rueda del Ratón",
    "mover": "Desplazamiento",
    "named_private_board_description": "También puede crear una <strong>pizarra privada dándole un nombre aleatorio o un nombre especifico</strong>, una <abbr title=\"tipo: https://wbo.ophir.dev/boards/el-código-que-te-parezca\">URL personalizada</abbr>, que será accesible para todos aquellos que conozcan su nombre.",
    "opacity": "Opacidad",
    "open_public_board": "Ir a la pizarra pública",
    "pencil": "Lápiz",
    "private_board_description": "Puede crear una <b>pizarra privada</b> con un nombre aleatorio, al que solo se podrá acceder mediante su enlace. Úselo si desea compartir información privada.",
    "public_board_description": "La <b>pizarra pública</b> es accesible para todos. Es un desastre felizmente desorganizado donde puedes reunirte con extraños anónimos. Todo lo que hay es efímero.",
    "recent_boards": "Pizarras recientes",
    "rectangle": "Rectángulo",
    "share_instructions": "Para colaborar en un dibujo en tiempo real con alguien, simplemente envíele la <abbr title=\"un enlace tipo: https://wbo.ophir.dev/boards/el-codigo-de-tu-pizarra\">URL</abbr> de la pizarra que ya creaste.",
    "size": "Tamaño",
    "square": "Cuadrado",
    "straight_line": "Línea recta",
    "tagline": "Una herramienta de dibujo colaborativa en línea gratuita y de código abierto. Esboce nuevas ideas en la pizarra colaborativa WBO !",
    "text": "Texto",
    "tools": "Herramientas",
    "view_source": "Código fuente en GitHub",
    "white-out": "Blanqueado",
    "zoom": "Zoom"
  },
  "fr": {
    "board_name_placeholder": "Nom du tableau…",
    "circle": "Cercle",
    "click_to_toggle": "cliquer pour changer",
    "click_to_zoom": "Cliquez pour zoomer\nCliquez en maintenant la touche majuscule enfoncée pour dézoomer",
    "collaborative_whiteboard": "Tableau blanc collaboratif",
    "color": "Couleur",
    "create_private_board": "Créer un tableau privé",
    "ellipse": "Ellipse",
    "eraser": "Gomme",
    "grid": "Grille",
    "hand": "Main",
    "download": "Télécharger",
    "index_title": "Bienvenue sur le tableau blanc collaboratif WBO !",
    "introduction_paragraph": "WBO est un logiciel <a href=\"https://github.com/lovasoa/whitebophir\" title=\"voir le code sous license AGPL\">libre et gratuit</a> de dessin collaboratif en ligne qui permet à plusieurs utilisateurs de collaborer simultanément sur un tableau blanc. Le tableau est mis à jour en temps réel pour tous les utilisateurs connectés, et reste disponible après votre déconnexion. Il peut être utilisé notamment pour l'enseignement, l'art, le design ou juste pour s'amuser.",
    "keyboard_shortcut": "raccourci clavier",
    "loading": "Chargement",
    "menu": "Menu",
    "mousewheel": "molette de la souris",
    "mover": "Déplacer un élément",
    "named_private_board_description": "Vous pouvez aussi créer un <strong>tableau privé nommé</strong>, avec une adresse personnalisée, accessible à tous ceux qui en connaissent le nom.",
    "opacity": "Opacité",
    "open_public_board": "Ouvrir le tableau anonyme",
    "pencil": "Crayon",
    "private_board_description": "Vous pouvez créer un <b>tableau privé</b> dont le nom sera aléatoire. Il sera accessible uniquement à ceux avec qui vous partagerez son adresse. À utiliser lorsque vous voulez partager des informations confidentielles.",
    "public_board_description": "Le <b>tableau anonyme</b> est accessible publiquement. C'est un joyeux bazar où vous pourrez rencontrer des étrangers anonymes, et dessiner avec eux. Tout ce que vous y inscrivez est éphémère.",
    "recent_boards": "Tableaux récents",
    "rectangle": "Rectangle",
    "share_instructions": "Pour collaborer sur un tableau avec quelqu'un, envoyez-lui simplement son URL.",
    "size": "Taille",
    "square": "Carré",
    "straight_line": "Ligne droite",
    "tagline": "Logiciel libre pour collaborer en ligne sur un tableau blanc. Venez dessiner vos idées ensemble sur WBO !",
    "text": "Texte",
    "tools": "Outils",
    "view_source": "Code source sur GitHub",
    "white-out": "Blanco"
  },
  "hu": {
    "White-out": "Lefedő",
    "board_name_placeholder": "Tábla neve…",
    "circle": "Kör",
    "click_to_toggle": "kattintson ide a be- és kikapcsolásához",
    "click_to_zoom": "Kattintson ide a nagyításhoz.\nShift + kattintás a kicsinyítéshez",
    "collaborative_whiteboard": "Együttműködési tábla",
    "color": "Szín",
    "configuration": "Beállítások",
    "create_private_board": "Saját tábla létrehozása",
    "ellipse": "Ellipszis",
    "eraser": "Radír",
    "grid": "Rács",
    "hand": "Kéz",
    "index_title": "Isten hozta a WBO ingyenes online tábláján!",
    "introduction_paragraph": "A WBO egy <a href=\"https://github.com/lovasoa/whitebophir\" title=\"Ingyenes, mint a szabad beszédben, nem ingyenes sör. Ez a szoftver a AGPL licenc alapján kerül kiadásra.\">ingyenes és nyílt forráskódú</a> online együttműködési tábla, amely lehetővé teszi sok felhasználó számára, hogy egyidejűleg rajzoljon egy nagy virtuális táblán. Az alaplap valós időben frissül az összes csatlakoztatott felhasználó számára és állapota állandó. Különböző célokra felhasználható, beleértve a művészetet, a szórakoztatást, a tervezést és a tanítást.",
    "keyboard_shortcut": "billentyűparancs",
    "loading": "Betöltés folyamatban",
    "menu": "Menü",
    "mousewheel": "egérkerék",
    "mover": "Mozgató",
    "named_private_board_description": "Készíthet egy <strong>saját nevű táblát</strong> is, egyéni URL-címmel, amely mindenki számára elérhető, aki ismeri a nevét.",
    "opacity": "Átlátszatlanság",
    "open_public_board": "Nyilvános tábla megnyitása",
    "pencil": "Ceruza",
    "private_board_description": "Készíthet egy <b>saját táblát</b> véletlenszerű névvel, amely csak a linkjével lesz elérhető. Használja ezt, ha személyes adatokat szeretne megosztani.",
    "public_board_description": "A <b>nyilvános tábla</b> mindenki számára elérhető. Ez egy boldog szervezetlen rendetlenség, ahol találkozhat a névtelen ismeretlenek és dolgozhat együtt. Minden ott rövid távú.",
    "recent_boards": "Recent Boards",
    "rectangle": "Téglalap",
    "share_instructions": "Ha valakivel valós időben szeretne együttműködni egy rajzon, küldje el neki az URL-jét.",
    "size": "Méret",
    "square": "Négyzet",
    "straight_line": "Egyenes vonal",
    "tagline": "Ingyenes és nyílt forráskódú online együttműködési rajzoló eszköz. Vázoljon fel új ötleteket a WBO-n!",
    "text": "Szöveg",
    "tools": "Eszközök",
    "view_source": "Forráskód a GitHub-on",
    "zoom": "Nagyítás/kicsinyítés"
  },
  "id": {
    "White-out": "Cairan koreksi",
    "board_name_placeholder": "Nama papan…",
    "circle": "Lingkaran",
    "click_to_toggle": "klik untuk beralih",
    "click_to_zoom": "Klik untuk memperbesar\nTekan shift dan klik untuk memperkecil",
    "collaborative_whiteboard": "Papan tulis kolaboratif",
    "color": "Warna",
    "configuration": "Konfigurasi",
    "create_private_board": "Buat papan pribadi",
    "ellipse": "Elips",
    "eraser": "Penghapus",
    "grid": "Kisi",
    "hand": "Tangan",
    "download": "Unduh",
    "index_title": "Selamat datang ke papan tulis daring gratis WBO!",
    "introduction_paragraph": "WBO adalah papan kolaboratif daring yang <a href=\"https://github.com/lovasoa/whitebophir\" title=\"Bebas dalam artian kemerdekaan berbicara, bukan makanan gratis. Perangkat lunak ini dirilis di bawah lisensi AGPL\">bebas dan sumber terbuka</a> yang memperbolahkan banyak penggunanya untuk menggambar secara serentak dalam papan virtual yang besar. Papan tersebut diperbarui dalam waktu nyata untuk semua pengguna yang terhubung dan akan selalu dipertahankan. Bisa digunakan untuk berbagai tujuan, termasuk seni, hiburan, desain, dan pengajaran.",
    "keyboard_shortcut": "pintasan papan tik",
    "loading": "Memuat",
    "menu": "Menu",
    "mousewheel": "bola tetikus",
    "mover": "Penggerak",
    "named_private_board_description": "Anda juga bisa membuat <strong>papan pribadi dengan nama</strong>, dengan URL kustom, yang akan terakses oleh siapa pun yang mengetahui nama tersebut.",
    "opacity": "Opasitas",
    "open_public_board": "Ke papan publik",
    "pencil": "Pensil",
    "private_board_description": "Anda bisa membuat <b>papan pribadi</b> dengan nama acak yang akan membuat itu hanya bisa diakses dengan tautan tersebut. Gunakan ini jika Anda ingin membagikan informasi privat.",
    "public_board_description": "<b>Papan publik</b> bisa diakses oleh semuanya. Papan tersebut merupakan kekacauan tak teratur yang Anda bisa bertemu dengan orang asing dan menggambar bersama. Segala di sana adalah kefanaan.",
    "recent_boards": "Papan Baru-Baru Ini",
    "rectangle": "Segi empat",
    "share_instructions": "Untuk berkolaborasi dengan seseorang, tinggal kirimkan saja URL-nya.",
    "size": "Ukuran",
    "square": "Persegi",
    "straight_line": "Garis lurus",
    "tagline": "Alat gambar kolaboratif daring yang bebas/gratis dan sumber terbuka. Rancang ide baru bersama di WBO!",
    "text": "Teks",
    "tools": "Alat",
    "view_source": "Kode sumber di GitHub",
    "zoom": "Lup"
  },
  "it": {
    "board_name_placeholder": "Nome della lavagna…",
    "circle": "Cerchio",
    "click_to_toggle": "Fai Clic per attivare",
    "click_to_zoom": "Fai clic per ingrandire \nPremi [MAIUSC] e fai clic per ridurre",
    "collaborative_whiteboard": "Lavagna collaborativa",
    "color": "Colore",
    "configuration": "Configurazione",
    "create_private_board": "Crea una lavagna privata",
    "ellipse": "Ellisse",
    "eraser": "Gomma",
    "grid": "Griglia",
    "hand": "Mano",
    "index_title": "Benvenuti a WBO!",
    "introduction_paragraph": "WBO è una lavagna collaborativa online <a href=\"https://github.com/lovasoa/whitebophir\" title=\"gratuita come é gratuita la libertà di espressione, no come un boccale di birra gratis. Questo software è rilasciato sotto licenza AGPL\">gratuita e open source</a> che consente a molti utenti di disegnare contemporaneamente su una grande lavagna virtuale. La lavagna viene aggiornata in tempo reale per tutti gli utenti connessi e lo stato è sempre persistente. Può essere utilizzato per molti scopi diversi, tra cui arte, intrattenimento, design e insegnamento.",
    "keyboard_shortcut": "scorciatoia da tastiera",
    "loading": "Caricamento in corso",
    "menu": "Menu",
    "mousewheel": "rotella del mouse",
    "mover": "Spostamento",
    "named_private_board_description": "Puoi anche creare una <strong>lavagna privata con un nome creato da te</strong>, con un URL personalizzato, che sarà accessibile a tutti coloro che ne conoscono il nome.",
    "opacity": "Opacità",
    "open_public_board": "Vai alla lavagna pubblica",
    "pencil": "Matita",
    "private_board_description": "Puoi creare una <b>lavagna privata</b> con un nome casuale, che sarà accessibile solo dal suo URL. Usalo se vuoi condividere informazioni private.",
    "public_board_description": "La <b>lavagna pubblica</b> è accessibile a tutti. È un disastro felicemente disorganizzato dove puoi incontrare sconosciuti anonimi e disegnare insieme. Tutto in questo spazio è effimero.",
    "recent_boards": "Lavagne recenti",
    "rectangle": "Rettangolo",
    "share_instructions": "Per collaborare a un disegno in tempo reale con qualcuno, basta condividere l'<abbr title=\"un link tipo https://wbo.ophir.dev/boards/il-codice-della-tua-lavagna\">URL della lavagna</abbr>.",
    "size": "Dimensione",
    "square": "Quadrato",
    "straight_line": "Linea retta",
    "tagline": "Uno strumento collaborativo per disegnare online, gratuito e open source. Disegniamo insieme nuove idee su WBO!",
    "text": "Testo",
    "tools": "Strumenti",
    "view_source": "Codice sorgente su GitHub",
    "white-out": "Bianchetto",
    "zoom": "Zoom"
  },
  "ja": {
    "board_name_placeholder": "ボードの名前",
    "circle": "サークル",
    "click_to_toggle": "クリックして切り替えます",
    "click_to_zoom": "クリックで拡大\nシフトを押しながらクリックで縮小",
    "collaborative_whiteboard": "協同作業できるオンラインホワイトボード",
    "color": "色",
    "configuration": "設定",
    "create_private_board": "プライベートボードを作成する",
    "ellipse": "楕円",
    "eraser": "消去",
    "grid": "グリッド",
    "hand": "手のひらツール",
    "index_title": "WBOへようこそ!",
    "introduction_paragraph": "WBOは<a href=\"https://github.com/lovasoa/whitebophir\" title=\"ビール飲み放題ではなく言論の自由。このソフトウェアはAGPLライセンスで公開しています。\">無料かつオープンソース</a>の協同作業できるオンラインホワイトボードです。多くのユーザーが大きな仮想ホワイトボードに図などを書くことができ、接続しているすべてのユーザーの更新をリアルタイムに反映され、その状態を常に保存します。これはアート、エンタテインメント、デザインや教育など、様々な用途で使用できます。",
    "keyboard_shortcut": "キーボードショートカット",
    "loading": "読み込み中",
    "menu": "メニュー",
    "mousewheel": "ねずみ車",
    "mover": "変位",
    "named_private_board_description": "<strong>名前つきプライベートボード</strong>を作ることもできます。このボードは名前かURLを知っている人だけがアクセスできます。",
    "opacity": "透明度",
    "open_public_board": "公開ボードを作成する",
    "pencil": "ペン",
    "private_board_description": "プライベートな情報を共有したいときは、ランダムな名前を持つ、<b>プライベートボード</b>を作成できます。このボードはリンクを知っている人がアクセスできます。",
    "public_board_description": "<b>公開ボード</b>は、WBOにアクセスできる人であれば誰でも参加できますが、これは一時的な用途に向いています。",
    "recent_boards": "Recent Boards",
    "rectangle": "矩形",
    "share_instructions": "URLを送るだけで、リアルタイムな共同作業ができます。",
    "size": "サイズ",
    "square": "正方形",
    "straight_line": "直線",
    "tagline": "無料でオープンソースの協同作業できるオンラインホワイトボード。WBOでアイディアを共有しましょう!",
    "text": "テキスト",
    "tools": "ツール",
    "view_source": "GitHubでソースコード見る",
    "white-out": "修正液",
    "zoom": "拡大・縮小"
  },
  "my": {
    "board_name_placeholder": "ဝှိုက်ဘုတ်အမည် ... ",
    "circle": "စက်ဝိုင်း",
    "click_to_toggle": "toggle ကိုနှိပ်ပါ",
    "click_to_zoom": "ချဲ့ရန်နှိပ်ပါ\nshift key ကိုကိုင်ထားပြီးချဲ့ရန်နှိပ်ပါ",
    "collaborative_whiteboard": "ပူးပေါင်း whiteboard",
    "color": "အရောင်",
    "configuration": "ဖွဲ့စည်းမှု",
    "create_private_board": "ကိုယ်ပိုင် whiteboard တစ်ခုဖန်တီးပါ",
    "ellipse": "ဘဲဥပုံ",
    "eraser": "ခဲဖျက်",
    "grid": "ဇယားကွက်",
    "hand": "လက်",
    "download": "ဒေါင်းလုပ်",
    "index_title": "WBO မှကြိုဆိုပါသည်",
    "introduction_paragraph": "WBO သည် <a href=\"https://github.com/lovasoa/whitebophir\" title=\"ဘီယာမပါ၊ လွတ်လပ်စွာပြောဆိုခွင့်၊ အခမဲ့ဖြစ်သည်။ ဤဆော့ဝဲကို AGPL လိုင်စင်အောက်တွင်ထုတ်ဝေသည်။\"> အခမဲ့နှင့်ပွင့်လင်းသောအရင်းအမြစ် </a> ပူးပေါင်းဆောင်ရွက်သည့်အွန်လိုင်း whiteboard ကိုအသုံးပြုသူများအား virtual whiteboard ကြီးတစ်ခုပေါ်တွင်တစ်ချိန်တည်းဆွဲခွင့်ပြုသည်။ whiteboard ကိုအသုံးပြုသူများအားလုံးအတွက်အချိန်နှင့်တပြေးညီအဆင့်မြှင့်တင်ခဲ့သည်။ ၎င်း၏အကြောင်းအရာကိုသိမ်းဆည်းထားသည်။ ၎င်းကိုအနုပညာ၊ ဖျော်ဖြေရေး၊ ဒီဇိုင်း၊ သင်ကြားမှုနှင့်သင်ကြားမှုကဲ့သို့သောအသုံးချမှုမျိုးစုံအတွက်အသုံးပြုနိုင်သည်",
    "keyboard_shortcut": "ကီးဘုတ်ဖြတ်လမ်း",
    "loading": "တင်နေသည်",
    "menu": "မီနူး",
    "mousewheel": "ကြွက်ဘီး",
    "mover": "ပြောင်း",
    "named_private_board_description": "မင်းစိတ်ကြိုက် url တစ်ခုနဲ့ <strong>ကိုယ်ပိုင် whiteboard</strong> တစ်ခုကိုလည်းသင်ဖန်တီးနိုင်သည်။ နာမည်သိသူတိုင်း၎င်းကိုသုံးနိုင်သည်။ ",
    "opacity": "အလင်းအမှောင်",
    "open_public_board": "အများသုံး whiteboard သို့သွားပါ",
    "pencil": "ဘောပင်",
    "private_board_description": "လင့်ခ်တစ်ခုသာဖွင့်နိုင်သောကျပန်းအမည်ဖြင့် <b> ကိုယ်ပိုင် whiteboard </b> တစ်ခုကိုသင်ဖန်တီးနိုင်သည်။ ကိုယ်ပိုင်သတင်းအချက်အလက်များမျှဝေလိုလျှင်ဤအရာကိုသုံးပါ။",
    "public_board_description": "အဆိုပါ <b> အများသုံး whiteboard </b> ကိုမည်သူမဆိုဖွင့်နိုင်ပါသည်။ ၎င်းသည်အမည်မသိသူစိမ်းများနှင့်သင်ဆေးသုတ်နိုင်သောပျော်ရွှင်စရာ၊ ရှုပ်ထွေးသောရှုပ်ထွေးမှုတစ်ခုဖြစ်သည်။",
    "recent_boards": "နောက်ဆုံး whiteboards",
    "rectangle": "စတုဂံ",
    "share_instructions": "whiteboard ပေါ်တွင်တစ်စုံတစ်ယောက်နှင့်အလုပ်လုပ်ရန်သက်ဆိုင်ရာ URL ကိုမျှဝေပါ။ ",
    "size": "အရွယ်အစား",
    "square": "စတုရန်း",
    "straight_line": "မျဉ်းဖြောင့်",
    "tagline": "အခမဲ့ open source ပူးပေါင်းရေးဆွဲနိုင်သောကိရိယာတစ်ခုဖြစ်သည်။ သင်၏စိတ်ကူးများကို WBO တွင်အတူတကွရေးဆွဲပါ။ ",
    "text": "စာသား",
    "tools": "ကိရိယာများ",
    "view_source": "GitHub ရှိရင်းမြစ်ကုဒ်",
    "white-out": "ပြုပြင်မှုအရည်",
    "zoom": "ချဲ့ခြင်း"
  },
  "pt": {
    "White-out": "Branquejar",
    "board_name_placeholder": "Nome do quadro...",
    "circle": "Círculo",
    "click_to_toggle": "clique para alternar",
    "click_to_zoom": "Clique para aumentar o zoom\nPressione shift e clique para diminuir o zoom",
    "collaborative_whiteboard": "Quadro branco colaborativo",
    "color": "Cor",
    "configuration": "Configuração",
    "create_private_board": "Crie um quadro privado",
    "ellipse": "Elipse",
    "eraser": "Borracha",
    "grid": "Grade",
    "hand": "Mão",
    "index_title": "Bem-vindo ao quadro branco online gratuito WBO!",
    "introduction_paragraph": "WBO é um quadro branco colaborativo online <a href=\"https://github.com/lovasoa/whitebophir\" title=\"Free as in free speech, não uma cerveja gratuita. Este software é lançado sob a licença AGPL\"> livre e de código aberto </a> que permite que muitos usuários desenhem simultaneamente em um grande quadro virtual. O quadro é atualizado em tempo real para todos os usuários conectados e seu estado é sempre persistido. Ele pode ser usado para muitos propósitos diferentes, incluindo arte, entretenimento, design e ensino.",
    "keyboard_shortcut": "atalho de teclado",
    "loading": "Carregando",
    "menu": "Menu",
    "mousewheel": "roda do mouse",
    "mover": "Mover",
    "named_private_board_description": "Você também pode criar um <strong>quadro privado com nome</strong>, uma URL personalizado, que estará acessível a todos aqueles que sabem seu nome.",
    "opacity": "Opacidade",
    "open_public_board": "Vá para o quadro público",
    "pencil": "Lápis",
    "private_board_description": "Você pode criar um <b> fórum privado </b> com um nome aleatório, que será acessível apenas por seu link. Use-o se quiser compartilhar informações privadas.",
    "public_board_description": "O <b> quadro público </b> está acessível a todos. É uma bagunça felizmente desorganizada, onde você pode se encontrar com estranhos anônimos e se reunir. Tudo ali é efêmero.",
    "recent_boards": "Recent Boards",
    "rectangle": "Retângulo",
    "share_instructions": "Para colaborar em um desenho em tempo real com alguém, basta compartilhar sua URL.",
    "size": "Tamanho",
    "square": "Quadrado",
    "straight_line": "Linha reta",
    "tagline": "Uma ferramenta de desenho colaborativo online gratuita e de código aberto. Esboce novas ideias juntos no WBO!",
    "text": "Texto",
    "tools": "Ferramentas",
    "view_source": "Código-fonte no GitHub",
    "zoom": "Zoom"
  },
  "ru": {
    "board_name_placeholder": "Название доски",
    "circle": "Круг",
    "click_to_toggle": "нажмите, чтобы переключиться",
    "collaborative_whiteboard": "Онлайн доска для совместного рисования",
    "color": "Цвет",
    "configuration": "Настройки",
    "create_private_board": "Создать приватную доску",
    "ellipse": "Эллипс",
    "eraser": "Ластик",
    "grid": "Сетка",
    "hand": "Рука",
    "download": "Скачать",
    "index_title": "Добро пожаловать на WBO !",
    "introduction_paragraph": "WBO это бесплатная и <a href=\"https://github.com/lovasoa/whitebophir\" title=\"открытый исходный код\">открытая</a> виртуальная онлайн доска, позволяющая рисовать одновременно сразу нескольким пользователям. С WBO вы сможете рисовать, работать с коллегами над будущими проектами, проводить онлайн встречи, подкреплять ваши обучающие материалы и даже пробовать себя в дизайне. WBO доступен без регистрации.",
    "keyboard_shortcut": "горячая клавиша",
    "loading": "Загрузка",
    "menu": "Панель",
    "mousewheel": "колёсико мыши ",
    "mover": "Сдвинуть объект",
    "named_private_board_description": "Также можно создать <b>именную приватную доску</b> которая будет доступна всем тем, кому вы отправили название вашей доски.",
    "opacity": "Непрозрачность",
    "open_public_board": "Открыть анонимную доску",
    "pencil": "Карандаш",
    "private_board_description": "<b>Приватная доска</b> обладает тем же функционалом, что и анонимная доска. Разница в том, что приватную доску могут видеть только те пользователи, у которых на нее есть ссылка. Используйте приватную онлайн доску в рабочих целях, проводите онлайн уроки, рисуйте с детьми или друзьями. Другие пользователи не смогут удалять или менять ваши работы без вашего разрешения.",
    "public_board_description": "<b>Анонимная доска</b> позволяет рисовать вместе онлайн. Используйте этот формат для творчества и кучи разных идей. Вдохновляйтесь уже существующими рисунками, дополняйте их и создавайте совместные работы с другими посетителями. Любой пользователь может удалять уже существующие элементы и рисунки.",
    "recent_boards": "Недавние доски",
    "rectangle": "Прямоугольник",
    "share_instructions": "Использовать платформу для совместного творчества очень просто. Достаточно поделиться ссылкой URL с теми, кто хочет с вами порисовать. Как только они получат URL они смогут к вам присоединиться.",
    "size": "Размер",
    "square": "Квадрат",
    "straight_line": "Прямая линия",
    "tagline": "Бесплатная и открытая доска для совместной работы в интернете. Рисуете свои идеи вместе в WBO !",
    "text": "Текст",
    "tools": "Инструменты",
    "view_source": "Исходный код на GitHub",
    "white-out": "Корректор",
    "zoom": "Лупа"
  },
  "sw": {
    "board_name_placeholder": "Jina la ubao mweupe ...",
    "circle": "mduara",
    "click_to_toggle": "Bonyeza kugeuza",
    "click_to_zoom": "Bonyeza kuvuta ndani\nShikilia kitufe cha kuhama na ubofye ili kukuza",
    "collaborative_whiteboard": "White board ya kushirikiana",
    "color": "rangi",
    "configuration": "usanidi",
    "create_private_board": "Unda ubao mweupe wa faragha",
    "ellipse": "ellipse",
    "eraser": "eraser",
    "grid": "gridi",
    "hand": "mkono",
    "download": "Pakua",
    "index_title": "Karibu kwenye WBO!",
    "introduction_paragraph": "WBO ni <a href=\"https: //github.com/lovasoa/whitebophir\" title=\"Huru kwa maana ya kusema bure, sio bia ya bure. Programu hii imechapishwa chini ya leseni ya AGPL\">programu ya bure</a>. Yaliyomo yamehifadhiwa. Inaweza kutumika kwa matumizi anuwai, kama sanaa, burudani, kubuni, kufundisha na kujifunza.",
    "keyboard_shortcut": "Njia ya mkato ya kibodi",
    "loading": "Inapakia",
    "menu": "menyu",
    "mousewheel": "gurudumu la panya",
    "mover": "kuhama",
    "named_private_board_description": "Unaweza pia kuunda <strong> ubao mweupe wa faragha wenye jina </strong> na url ya kawaida. Mtu yeyote anayejua jina anaweza kuipata.",
    "opacity": "Opacity",
    "open_public_board": "Nenda kwenye ubao mweupe wa umma",
    "pencil": "kalamu",
    "private_board_description": "Unaweza kuunda <b> ubao mweupe wa faragha </b> na jina la nasibu ambalo linaweza kufunguliwa tu na kiunga. Tumia hii ikiwa unataka kushiriki habari za kibinafsi.",
    "public_board_description": " Bodi nyeupe ya umma </b> inaweza kufunguliwa na mtu yeyote. Ni fujo yenye furaha, isiyo na mpangilio ambapo unaweza kupaka rangi na wageni wasiojulikana. Kila kitu hapo ni cha muda mfupi.",
    "recent_boards": "Bodi nyeupe nyeupe",
    "rectangle": "mstatili",
    "share_instructions": "Kufanya kazi na mtu kwenye ubao mweupe, shiriki tu URL husika.",
    "size": "saizi",
    "square": "mraba",
    "straight_line": "mstari wa moja kwa moja",
    "tagline": "Chombo cha bure cha kushirikiana cha chanzo wazi. Chora maoni yako pamoja kwenye WBO!",
    "text": "Nakala",
    "tools": "zana",
    "view_source": "Nambari ya chanzo kwenye GitHub",
    "white-out": "maji ya kusahihisha",
    "zoom": "Zoom"
  },
  "th": {
    "board_name_placeholder": "ชื่อไวท์บอร์ด ...",
    "circle": "วงกลม",
    "click_to_toggle": "คลิกเพื่อสลับ",
    "click_to_zoom": "คลิกเพื่อซูมเข้า\nกดปุ่ม shift ค้างไว้แล้วคลิกเพื่อซูมออก",
    "collaborative_whiteboard": "กระดานไวท์บอร์ดสำหรับการทำงานร่วมกัน",
    "color": "สี",
    "configuration": "การกำหนดค่า",
    "create_private_board": "สร้างไวท์บอร์ดส่วนตัว",
    "ellipse": "วงรี",
    "eraser": "ยางลบ",
    "grid": "กริด",
    "hand": "มือ",
    "download": "ดาวน์โหลด",
    "index_title": "ยินดีต้อนรับสู่ WBO!",
    "introduction_paragraph": "WBO เป็น <a href=\"https://github.com/lovasoa/whitebophir\" title=\"ฟรีในแง่ของการพูดฟรี ไม่ใช่เบียร์ฟรี ซอฟต์แวร์นี้เผยแพร่ภายใต้ลิขสิทธิ์ AGPL\">ฟรีและโอเพ่นซอร์ส</a> ไวท์บอร์ดออนไลน์สำหรับการทำงานร่วมกันที่อนุญาตให้ผู้ใช้จำนวนมากวาดบนไวท์บอร์ดเสมือนจริงขนาดใหญ่พร้อมกัน ไวท์บอร์ดได้รับการอัปเดตตามเวลาจริงสำหรับผู้ใช้ทั้งหมดและ เนื้อหาจะถูกบันทึกไว้ . สามารถใช้งานได้หลากหลายเช่นศิลปะ, บันเทิง, การออกแบบ, การสอนและการสอน ",
    "keyboard_shortcut": "แป้นพิมพ์ลัด",
    "loading": "กำลังโหลด",
    "menu": "เมนู",
    "mousewheel": "วงล้อเมาส์",
    "mover": "กะ",
    "named_private_board_description": "คุณยังสามารถสร้าง <strong>ไวท์บอร์ดส่วนตัวที่มีชื่อ</strong> ด้วย URL ที่กำหนดเองได้ ใครก็ตามที่รู้จักชื่อนี้สามารถเข้าถึงได้",
    "opacity": "ความทึบ",
    "open_public_board": "ไปที่ไวท์บอร์ดสาธารณะ",
    "pencil": "ปากกา",
    "private_board_description": "คุณสามารถสร้าง <b>ไวท์บอร์ดส่วนตัว</b> ด้วยชื่อแบบสุ่มที่สามารถเปิดได้ด้วยลิงก์เท่านั้น ใช้ตัวเลือกนี้หากคุณต้องการแบ่งปันข้อมูลส่วนตัว",
    "public_board_description": "ใครๆ ก็เปิด <b>กระดานไวท์บอร์ดสาธารณะ</b> ได้ เป็นเรื่องที่น่ายินดีและไม่เป็นระเบียบ ซึ่งคุณสามารถวาดภาพร่วมกับคนแปลกหน้าที่ไม่ระบุชื่อได้ ทุกๆ อย่างในที่นี้เป็นเพียงชั่วคราวเท่านั้น",
    "recent_boards": "กระดานไวท์บอร์ดล่าสุด",
    "rectangle": "สี่เหลี่ยมผืนผ้า",
    "share_instructions": "หากต้องการทำงานกับผู้อื่นบนไวท์บอร์ด เพียงแชร์ URL ที่เกี่ยวข้อง",
    "size": "ขนาด",
    "square": "สี่เหลี่ยมจัตุรัส",
    "straight_line": "เส้นตรง",
    "tagline": "เครื่องมือวาดภาพสำหรับการทำงานร่วมกันแบบโอเพนซอร์สฟรี วาดความคิดของคุณร่วมกันบน WBO!",
    "text": "ข้อความ",
    "tools": "เครื่องมือ",
    "view_source": "ซอร์สโค้ดบน GitHub",
    "white-out": "น้ำยาลบคำผิด",
    "zoom": "ซูม"
  },
  "uk": {
    "White-out": "Коректор",
    "board_name_placeholder": "Назва дошки…",
    "circle": "Коло",
    "click_to_toggle": "клацніть, щоб перемкнути",
    "click_to_zoom": "Клацніть для збільшення\nНатисніть shift та клацініть для зменшення",
    "collaborative_whiteboard": "Онлайн дошка для спільної роботи",
    "color": "Колір",
    "configuration": "Налаштування",
    "create_private_board": "Створити особисту дошку",
    "ellipse": "Еліпс",
    "eraser": "Ґумка",
    "grid": "Сітка",
    "hand": "Рука",
    "index_title": "Вітаємо у відкритій онлайн дошці WBO!",
    "introduction_paragraph": "WBO це <a href=\"https://github.com/lovasoa/whitebophir\" title=\"Free as in free speech, not free beer. This software is released under the AGPL license\">безкоштовна та відкрита</a> онлайн дошка для спільної роботи, яка дозволяє багатьом користувачам одночасно писати на великій віртуальній дошці. Дошка оновлюється в реальному часі для всіх приєднаних користувачів, та її стан постійно зберігається. Вона може застосовуватись з різною метою, включаючи мистецтво, розваги, дизайн та навчання.",
    "keyboard_shortcut": "швидкі клавіші",
    "loading": "Завантаження",
    "menu": "Меню",
    "mousewheel": "коліщатко миші",
    "mover": "Пересунути",
    "named_private_board_description": "Ви також можете створити <strong>особисту дошку з назвою</strong>, з власним URL, яка буде доступна всім, хто знає її назву.",
    "opacity": "Прозорість",
    "open_public_board": "Перейти до публічної дошки",
    "pencil": "Олівець",
    "private_board_description": "Ви можете створити <b>особисту дошку</b> з випадковою назвою, яка буде доступна лише за відповідним посиланням. Користуйтесь нею, якшо Вам потрібно ділитись особистою інформацією.",
    "public_board_description": "<b>Публічна дошка</b> доступна для всіх. Там панує повний безлад, де Ви можете зустріти анонімних незнайомців та малювати разом. Тут все ефемерне.",
    "recent_boards": "Recent Boards",
    "rectangle": "Прямокутник",
    "share_instructions": "Для спільної роботи на дошці досить повідомити іншій особі адресу URL.",
    "size": "Розмір",
    "square": "Квадрат",
    "straight_line": "Пряма лінія",
    "tagline": "Безкоштовний онлайн засіб для спільного малювання з відкритим кодом. Разом накресліть нові ідеї у WBO!",
    "text": "Текст",
    "tools": "Засоби",
    "view_source": "Вихідний код на GitHub",
    "zoom": "Лупа"
  },
  "vn": {
    "White-out": "Trắng",
    "board_name_placeholder": "Tên bản …",
    "circle": "Tròn",
    "click_to_toggle": "Bật/tắt",
    "click_to_zoom": "Nhấp để phóng to \n Nhấn shift và nhấp để thu nhỏ",
    "collaborative_whiteboard": "Bảng trắng cộng tác",
    "color": "Màu",
    "configuration": "Cấu hình",
    "create_private_board": "Tạo một bảng riêng",
    "ellipse": "Hình elip",
    "eraser": "Tẩy",
    "grid": "Grid",
    "hand": "Tay",
    "index_title": "Chào mừng bạn đến với WBO bảng trắng trực tuyến miễn phí!",
    "introduction_paragraph": "WBO là một <a href=\"https://github.com/lovasoa/whitebophir\" title=\"Miễn phí như trong tự do ngôn luận, không phải bia miễn phí. Phần mềm này được phát hành theo giấy phép AGPL\">Miễn phí và open-source</a> cho phép nhiều người dùng vẽ đồng thời trên một bảng ảo lớn. Bảng này được cập nhật theo thời gian thực cho tất cả người dùng được kết nối và trạng thái luôn tồn tại. Nó có thể được sử dụng cho nhiều mục đích khác nhau, bao gồm nghệ thuật, giải trí, thiết kế và giảng dạy.",
    "keyboard_shortcut": "Phím tắt",
    "loading": "Đang tải",
    "menu": "Menu",
    "mousewheel": "Lăn chuột",
    "mover": "Di chuyển",
    "named_private_board_description": "Bạn cũng có thể tạo <strong> bảng riêng được đặt tên </strong>, với URL tùy chỉnh, tất cả những người biết tên của nó đều có thể truy cập được.",
    "opacity": "Độ Mờ",
    "open_public_board": "Đi tới bảng công khai",
    "pencil": "Gạch ngang",
    "private_board_description": "Bạn có thể tạo một <b> bảng riêng </b> với một tên ngẫu nhiên, chỉ có thể truy cập được bằng liên kết của nó. Sử dụng cái này nếu bạn muốn chia sẻ thông tin cá nhân.",
    "public_board_description": "Tất cả mọi người đều có thể truy cập <b> bảng công khai </b>. Đó là một mớ hỗn độn vô tổ chức vui vẻ, nơi bạn có thể gặp gỡ những người lạ vô danh và cùng nhau vẽ. Mọi thứ ở đó là phù du.",
    "recent_boards": "Recent Boards",
    "rectangle": "Chữ nhật",
    "share_instructions": "Để cộng tác trên một bản vẽ trong thời gian thực với ai đó, chỉ cần gửi cho họ URL của bản vẽ đó.",
    "size": "Size",
    "square": "Vuông",
    "straight_line": "Đường thẳng",
    "tagline": "Một công cụ vẽ cộng tác trực tuyến miễn phí và mã nguồn mở. Cùng nhau phác thảo những ý tưởng mới trên WBO!",
    "text": "Text",
    "tools": "Công cụ",
    "view_source": "Source code on GitHub",
    "zoom": "Zoom"
  },
  "zh-CN": {
    "board_name_placeholder": "白板名称",
    "circle": "圆",
    "click_to_toggle": "点击以切换",
    "click_to_zoom": "点击放大。\n按下 shift 并点击则可以缩小。",
    "collaborative_whiteboard": "在线协作式白板",
    "color": "颜色",
    "configuration": "设置",
    "create_private_board": "创建私人白板",
    "ellipse": "椭圆",
    "eraser": "橡皮",
    "grid": "网格",
    "hand": "移动",
    "download": "下载",
    "index_title": "欢迎来到免费的在线白板 WBO！",
    "introduction_paragraph": " WBO是一个<a href=\"https://github.com/lovasoa/whitebophir\" title=\"本软件基于 AGPL 协议发布\">自由和开源的在线协作白板</a>。它允许多个用户同时在一个虚拟的大型白板上画图。该白板对所有线上用户实时更新，并且状态始终保持。它可以用于许多不同的目的，包括艺术、娱乐、设计和教学。",
    "keyboard_shortcut": "键盘快捷键",
    "loading": "载入中",
    "menu": "菜单",
    "mousewheel": "鼠标滚轮",
    "mover": "平移",
    "named_private_board_description": "您可以创建一个<strong>可命名的私有白板</strong>，并自定义其URL，所有知道它名字的人都可以访问它。",
    "opacity": "不透明度",
    "open_public_board": "进入公共白板",
    "pencil": "铅笔",
    "private_board_description": "您可以创建一个带有随机名称的私有白板，该白板只能通过其链接访问。如果要共享私人信息，请使用此选项。",
    "public_board_description": "每个人都可以使用公共白板。这是一个令人愉快的混乱的地方，你可以会见匿名陌生人，并在一起绘画。那里的一切都是短暂的。",
    "recent_boards": "当前白板",
    "rectangle": "矩形",
    "share_instructions": "要与某人实时协作绘制图形，只需向他们发送白板的URL。",
    "size": "尺寸",
    "square": "正方形",
    "straight_line": "直线",
    "tagline": "一个免费和开源的在线协作绘图工具。用 WBO 一起画出新想法吧！",
    "text": "文本",
    "tools": "工具",
    "view_source": "GitHub上的源代码",
    "white-out": "修正液",
    "zoom": "放大"
  },
  "zh-TW": {
    "board_name_placeholder": "白板名稱",
    "circle": "圓形",
    "click_to_toggle": "點擊以切換",
    "click_to_zoom": "點擊放大。\n按住Shift並點擊以縮小。",
    "collaborative_whiteboard": "協作式白板",
    "color": "顏色",
    "configuration": "設定",
    "create_private_board": "建立私人白板",
    "ellipse": "橢圓形",
    "eraser": "橡皮擦",
    "grid": "網格",
    "hand": "移動",
    "index_title": "歡迎來到 WBO！",
    "introduction_paragraph": " WBO是一個<a href=\"https://github.com/lovasoa/whitebophir\">免費且開源的</a>協作式數位白板，它允許多個使用者同時在一個大型虛擬白板上作圖。該白板對所有線上使用者實時更新，並且始終可用。它可以用於許多不同的目的，包括藝術、娛樂、設計和教學。",
    "keyboard_shortcut": "鍵盤快捷鍵",
    "loading": "載入中",
    "menu": "目錄",
    "mousewheel": "滑鼠滾輪",
    "mover": "平移",
    "named_private_board_description": "在這裡建立一個自訂名稱的私有白板，它將有一個自定義的URL，知道白板名字的人才可以開啟它。",
    "opacity": "不透明度",
    "open_public_board": "進入公共白板",
    "pencil": "鉛筆",
    "private_board_description": "建立一個隨機名稱的私有白板，該白板只能透過其專屬連結開啟。如果要分享私人訊息，請使用此選項。",
    "public_board_description": "每個人都可以使用的<b>公共白板</b>。您可以在這裡與匿名的網友一起作圖。在<b>公共白板</b>的一切都是暫時的",
    "recent_boards": "最近加入的白板",
    "rectangle": "矩形",
    "share_instructions": "將白板的URL傳給你的朋友，即可與朋友即時連線與協作。",
    "size": "尺寸",
    "square": "正方形",
    "straight_line": "直線",
    "tagline": "免費且開源的線上協作式白板，一起在WBO發揮無限想像力",
    "text": "文字",
    "tools": "工具",
    "view_source": "檢視位於GitHub上的原始碼",
    "white-out": "修正液",
    "zoom": "放大"
  },
  "pl": {
    "board_name_placeholder": "Nazwa tablicy",
    "circle": "Okrąg",
    "click_to_toggle": "kliknij, aby przełączyć",
    "collaborative_whiteboard": "Tablica do współpracy online",
    "color": "Kolor",
    "configuration": "Ustawienia",
    "create_private_board": "Utwórz tablicę prywatną",
    "ellipse": "Elipsa",
    "eraser": "gumka",
    "grid": "Siatka",
    "hand": "Ręka",
    "download": "Pobierz",
    "index_title": "Witamy w WBO!",
    "introduction_paragraph": "WBO to bezpłatna i <a href=\"https://github.com/lovasoa/whitebophir\" title=\"open source\">otwarta</a> wirtualna tablica, która umożliwia rysowanie jednocześnie dla wielu użytkowników. Z WBO możesz rysować, pracować z kolegami nad przyszłymi projektami, organizować spotkania online, wzmacniać swoje materiały do ​​nauki, a nawet próbować swoich sił w projektowaniu. WBO jest dostępne bez rejestracji.",
    "keyboard_shortcut": "skrót",
    "loading": "Ładowanie",
    "menu": "Panel",
    "mousewheel": "kółko myszy",
    "mover": "Przenieś obiekt",
    "named_private_board_description": "Możliwe jest również utworzenie <b>nazwanej tablicy prywatnej</b>, która będzie dostępna dla każdego, komu wysłałeś swoją nazwę tablicy.",
    "opacity": "Nieprzezroczystość",
    "open_public_board": "Otwórz anonimową tablicę",
    "pencil": "Ołówek",
    "private_board_description": "<b>Prywatna tablica</b> ma taką samą funkcjonalność jak anonimowa tablica. Różnica polega na tym, że tylko ci użytkownicy, którzy mają do niej link, mogą zobaczyć prywatną tablicę. Użyj prywatnej tablicy online w swoim w celach służbowych, udzielać lekcji online, rysować z dziećmi lub przyjaciółmi. Inni użytkownicy nie będą mogli usuwać ani zmieniać Twojej pracy bez Twojej zgody.",
    "public_board_description": "<b>Anonimowa tablica</b> umożliwia wspólne rysowanie online. Użyj tego formatu, aby wykazać się kreatywnością i mieć mnóstwo różnych pomysłów. Zainspiruj się istniejącymi rysunkami, dodaj do nich i twórz współpracę z innymi odwiedzającymi. Każdy może usuwać istniejące elementy i rysunki.",
    "recent_boards": "Ostatnie tablice",
    "rectangle": "Prostokąt",
    "share_instructions": "Korzystanie z platformy do współtworzenia jest bardzo łatwe. Po prostu udostępnij adres URL każdemu, kto chce z tobą rysować. Po otrzymaniu adresu URL może do ciebie dołączyć.",
    "size": "Rozmiar",
    "square": "Kwadrat",
    "straight_line": "Linia prosta",
    "tagline": "Bezpłatna i otwarta tablica do współpracy w sieci. Narysuj swoje pomysły razem w WBO!",
    "text": "Tekst",
    "tools": "Narzędzia",
    "view_source": "Kod źródłowy na GitHub",
    "white-out": "Korektor",
    "zoom": "Lupa"
  }
}
